material_id,subject,difficulty,popularity,content_length
abfd36a0-a427-4052-ada7-368cb961e76f,Networks,2,97,60
2954b08a-8ebd-436b-bb63-f673bfc73441,ML,3,30,11
b2c5e704-b1d4-4f12-ae7f-e869d0ac4350,Networks,5,25,8
ae29e9f7-0f8c-41da-9da6-63e4ab866565,NLP,5,78,5
20d41807-f51a-4ca7-9eea-fa090db00503,AI,3,55,43
9eac0bdb-bb20-4dd2-9947-08a9c480cd36,AI,3,70,57
0ca52c60-36df-42b4-a7d3-096830432c44,Networks,3,68,27
ddf6aee6-f11f-4efd-9a6c-5e69cd8eaa3b,AI,3,14,18
b14aa1bc-c41c-4a69-b5ae-bbb9b20d5a00,AI,5,32,36
b0cb57d5-24f9-4378-9c9e-c730ba74c0f5,AI,5,87,33
94982bd4-0f1f-44ab-b439-4c1264e8906f,NLP,2,23,48
785b171b-2c90-4f3e-85d8-55822d4399ec,NLP,3,31,54
a7fc8fb6-5f66-4401-b44e-0dbc681b4067,Networks,1,64,59
4d7ac913-3960-421a-a9f8-4f42420aed99,AI,4,20,25
60887a6a-4de9-4c4c-9370-7a35f7798d5f,NLP,2,31,39
3c6e7a18-68ea-436f-bf50-b2e5a8ef182b,Blockchain,5,37,58
45187223-455a-4a2a-9f63-7788cee92ef8,ML,5,23,60
6172625b-8c04-4608-b1f7-61500dc62a16,AI,2,71,11
7281d699-4970-4728-972d-b2fdc84529f4,Blockchain,2,80,30
b757baa6-83ca-404b-bdd6-b5466b56fc4f,Networks,5,75,47
632c01a5-7a44-4143-bf58-13c1977bc980,ML,5,36,34
a6f9fc64-6aad-4351-b720-4c4b34077606,Networks,1,27,14
72427865-9e0e-4fc9-b4b3-18e7a52de166,Blockchain,4,13,53
61528440-862e-411f-a600-dc728c9cf037,ML,2,22,6
dd01165e-b63b-46af-af04-70dc68dd4aad,AI,5,13,21
186d8b26-edce-4343-9f8b-fc9ea6337aff,Networks,4,69,35
1e81c13a-520c-4445-b916-8331af1d8ac6,Blockchain,1,94,54
f6639046-38c7-426c-adc9-5ee51f160d49,Networks,3,7,40
759edb70-08c9-4860-983b-fcac09b056ba,ML,2,71,36
8ed3a25d-bbf0-4078-b7a0-f62fcca2b2a0,AI,3,7,58
1b987729-d6cb-4215-9a9c-f4db59695e88,ML,4,31,32
8d17e9df-68bf-45ac-bb6d-3614c24565db,Blockchain,5,91,57
1f4084a9-2512-4bbb-9390-421e38b13092,ML,2,19,16
06ea7e7f-a2b6-4e16-b592-41926c0f1af5,ML,4,77,33
37b25e3f-8cf3-4c9e-a4eb-49d54cc27224,ML,2,4,37
551183b0-b3d6-4c4d-a462-fe3b1e2d2b7a,Networks,2,30,22
53f8f3a8-ecc4-4412-95f1-5e0e54b18c34,NLP,5,51,48
eca2fe99-0dee-4c9f-841a-3eca4eef6281,NLP,3,84,32
abd6beee-2ee3-45dd-8a14-b56507b2f213,ML,4,40,54
d718ac6d-5fd6-4d5d-920b-daa34a000f81,NLP,5,31,14
62ac0687-7a4e-46bb-9f60-97c53482a9ae,AI,5,58,25
aa06e9ad-40af-41dc-b4af-a0630f03256f,AI,2,35,35
b324bcbf-f01e-4fbe-8278-4e03202419b6,Networks,4,79,45
b4f2ef95-2e53-4baa-b8bf-a6ac4ff83d68,AI,1,53,36
e5dc9c2e-a98a-4f09-89a7-836d9df98c7c,NLP,2,37,51
4870d187-ce1b-4a7a-89b3-0ca22f73ccd2,AI,4,85,35
065b7de5-af0a-4bb0-aed7-634ed7746e3f,NLP,1,55,14
a55a6367-7919-4ede-84a8-5a045b348bd8,AI,5,71,57
b15b4acf-7709-463e-b5a3-23cc9cef6d52,Blockchain,3,25,46
0b251802-b365-4891-ae33-77f8df55f3f4,Networks,4,6,25
48681bd1-9968-461b-b5df-7e307fec1daf,Networks,5,26,48
9aaf5cae-3e4c-45ce-a75e-0cf361c2a070,AI,4,6,44
99eb3f4a-989e-45ee-9a17-75503b47865b,Blockchain,4,92,13
c5723d6a-1de5-4a12-bdda-3c390494884d,Blockchain,3,28,34
a5633ed9-2376-4578-895e-2a62b1204869,Blockchain,5,92,49
65189a88-f9a2-440f-99e3-4f745bce94c5,AI,1,99,34
8b8844c6-aa9c-475f-823c-03adbf0d15ee,ML,2,37,24
115822f7-d170-4083-93bc-fadc6977a57f,ML,4,93,15
6ec36222-2efb-4a47-a91f-b580ad886762,Blockchain,2,12,29
aff6d383-7494-436f-9523-294cf077d20a,AI,1,15,34
65d1c14d-f6b5-425d-8ee2-48b8b88d4e62,NLP,4,100,27
9b082cd5-5505-4a3d-9516-98b088a54f01,ML,2,6,15
28d7f7e8-ddf2-48ae-a659-598c32f41b52,Blockchain,2,98,45
79a5a0fe-42f8-4bc7-a78b-e22905b4fc16,Networks,2,14,32
40b4da05-9f6c-45cb-ac1f-a018d0def782,Networks,1,41,31
080fb77d-33d1-4aa6-9621-da1545b1f008,NLP,5,22,56
800be06f-5366-4e05-b543-055ae7e8a86c,ML,3,54,46
86c13d73-d754-45f1-8192-b40fb12f1696,Networks,2,79,47
f5c1bf70-7139-4dc0-adca-c6e97dcd2403,ML,4,92,50
8c9d3842-2a6b-4425-8f5e-aba298bab25b,ML,4,13,35
a7d80ca5-5a24-422a-b2f1-fa5ab470bbf4,NLP,3,84,13
a0986927-82a1-4df9-90b7-ced3fc792706,AI,5,3,20
2aefb90e-26f9-4f56-ba45-d964c2f2358f,ML,1,91,28
1bdd077f-ebfb-44d5-b4c8-e364a1a73801,Blockchain,3,7,23
197839c4-3b28-4eb9-8b1a-8b8ef66c0346,NLP,4,67,39
1143ee89-d751-43ff-bfff-9fc6cf2a2d80,Networks,3,83,15
c3de7262-3bcb-452a-bad1-379f5effd1c9,Networks,1,49,32
9d5dd0f9-e205-43d7-ac46-c7cce4a54dcc,Blockchain,2,49,14
79741a93-40b8-4354-a9c0-c55478ff73df,Blockchain,4,8,33
26d65719-9d18-433b-be2a-c5e7793fa46b,NLP,5,67,14
88121185-bac1-4b28-b98c-522fde0ad309,ML,1,70,18
cfe99b65-c192-41df-b6f3-679500effa26,Networks,1,78,51
3d00c5e8-5015-4f6c-ad6a-b950d8a0f45b,NLP,2,5,57
1d372331-5372-4579-89d7-929153ef5d24,ML,4,93,45
91bf633c-f5f3-4753-9442-dca896f04849,NLP,3,76,50
4d0e8f45-651f-49b7-9467-68faabafd2d4,NLP,5,11,19
2ed76450-6951-4980-a5b4-c9dc596dafbd,Networks,3,25,49
590294a2-9f05-454e-880f-8645e1e2e97a,ML,5,78,43
af201081-6619-44c2-b23c-c5352a9acb9c,AI,3,6,41
f61ca386-c1f1-4b46-8e70-b937a2271ca8,Networks,4,72,26
7e8e434b-fe5c-4709-aafb-8b62e0d30442,ML,2,90,40
c91abadf-fa1d-40d5-a8b4-bc1a2a3af1d6,Networks,4,11,43
0506bc4b-9b2e-4dfc-8252-5cde50768493,ML,5,72,33
32ee0047-aedd-4ded-b0a3-07bc952fc8de,Blockchain,1,25,53
a3cc7e90-b685-428c-b830-90c56911da83,Networks,2,40,25
1ad28f90-f548-4e63-bbcc-3af29ec5964c,NLP,5,89,17
36e23f2b-10bf-489a-873b-94225b2d8500,ML,5,38,43
39db2736-bdc2-463d-bebe-3634079f4f3f,Blockchain,5,87,58
0eaede24-3dce-41fd-a233-09a286ade400,ML,1,13,32
e2003afa-fd58-4651-afb1-48e5ced65eeb,Blockchain,1,61,27
1a56b53f-d293-496e-a1df-04ac59cfd798,AI,4,29,26
8c607757-ca4a-49a8-880b-c27a13e6e163,Networks,3,78,21
f40a2e6a-67b2-4106-9cec-6a2e7f816ede,Blockchain,4,31,12
e10acee9-709d-48e6-84fc-7cc46351e4ab,Blockchain,4,81,41
31079ed3-a374-419a-a275-97baf118e715,Networks,4,81,59
fc14987c-1ac0-4f71-9567-2986c0a43d88,ML,2,4,55
6dd9a97e-1d8e-4b1c-aab2-3b582a572b1e,Networks,3,73,8
18cfc2c9-1209-4b7c-8d23-c0b6ea7ce70b,NLP,3,39,45
1b49eb3e-ea6a-49a5-a91d-f6b7d7d295e3,Networks,3,83,28
e9c83dcc-bef1-4402-9da8-48b24c4f7b65,AI,3,11,10
af2973c6-7022-45d6-b628-37ac8ffd01f2,Blockchain,3,67,38
2847f0d9-f842-421c-bb28-f0eaa011afda,NLP,1,26,7
316f6a43-e2b7-4d5e-b3e6-b091fa031475,Blockchain,4,22,39
f85b6fba-8d89-4940-b3d1-ef518ecc6efc,Blockchain,4,2,32
fe9e0419-34ec-402c-a655-284388770152,NLP,2,84,15
870e3818-e295-4d26-be3c-e2077d67c983,Networks,1,6,12
babd3b41-dac8-4296-bbb3-d8665bd29070,Blockchain,2,45,12
66aa95e3-a01a-4626-81de-2bff97f696e5,Blockchain,2,17,5
c3724193-ceeb-4d00-91cd-f6319dd4563c,Blockchain,4,47,48
28e6dd86-ce3e-402a-80b0-5d15d82ee7c2,Networks,1,40,53
4e28dd16-dc75-4777-aecd-8825432bb062,ML,4,43,5
225e755d-a1d9-4b46-81c0-40cddebc5c2d,ML,1,90,46
371593d4-1772-4783-87cf-3840be89fc04,NLP,4,47,16
d140959f-a94c-41be-8817-7c6692d888cc,Blockchain,5,67,49
77d86c50-399f-4f1d-b23e-6aa5e680cf9b,AI,2,20,12
8f93936b-2b60-49d5-a7e5-96874eb3d1f3,AI,4,50,39
57b7dacb-97a3-4281-ae96-c97b3109031f,Blockchain,5,13,10
dda1a3f0-1ecc-4b0c-b4bf-f04a7366d57c,NLP,3,32,25
19d3f174-140a-4781-9b10-0f9270fbefce,NLP,1,4,24
68d434f7-22f9-4029-bf11-a98833c4ed75,NLP,4,83,25
7bc34766-d682-4cd9-ae4c-4c48dbd6b10d,NLP,3,35,31
32b495fb-f48a-429c-a8e7-0e1fcaa497c9,Networks,3,22,37
153a1c0e-193b-463d-a5e1-9aa26383157e,Blockchain,5,71,8
c14de5f4-c8ba-4bcf-b6a4-f106dfefd59b,ML,3,47,27
27e9be4b-a86a-4c1a-989b-154f15b7d077,ML,5,38,28
1a8cd05c-da49-4bb3-abae-b45ff3f7dcfb,Networks,4,66,24
d107a5ce-a228-403a-8a1f-66fbeba34a1e,ML,4,13,40
c42d0c15-7f4f-4c06-8ef3-19e35c2ce370,Networks,1,97,34
28d94e1b-58b9-42d3-9667-927f0ec7776e,ML,2,55,26
cd4c270e-ec61-4dae-a612-7e05e701eea0,Networks,2,15,49
339d2da4-5cbd-4cca-bd19-6b134e0d01f6,Networks,2,99,30
bc4ce2ef-8ab9-4a33-b04c-058a04789542,Blockchain,3,75,10
f9910d29-c836-4cff-9ac3-2ed2b6b071a3,Blockchain,5,95,60
a0644785-0f99-4446-b3e1-3062daacfaad,AI,3,84,52
9d6dea0a-3edb-4511-b85b-f113c6c33c03,Blockchain,3,27,31
9a53380e-f731-4dc4-9424-646d084ed519,NLP,3,12,35
44fc6258-04a6-4542-9a67-e0e3c857f661,NLP,3,20,5
93425e27-3924-466f-82c8-b9338d0732df,Blockchain,2,96,31
a1bb34d1-aaa5-41f7-a8d1-d6f22254244e,AI,2,32,41
d6bce90e-797a-4457-8d43-a950c734cff2,Blockchain,1,10,12
b75976fa-9c5c-403d-bed5-942829f79b6e,ML,4,10,60
004ad398-5d79-46f4-a10b-13dbfa3b5f9a,Blockchain,5,64,17
7111a78a-bd9b-4def-957c-62fb4b6badeb,Networks,5,47,59
fe7b7fbd-e49a-4891-8e30-95e9fdad03bb,AI,2,55,22
bf0111f4-8425-4f2c-a5ce-af94ab726b12,NLP,5,2,38
11f90476-db6b-4742-951e-9afc587b216f,AI,5,44,27
3526c403-9cfb-4d25-9db5-10ef260d1142,Networks,3,71,29
1655f4a0-6061-4b10-828d-233f0100fb96,Blockchain,1,40,31
1893d29f-32a3-4d95-8ea8-3acf476ad60c,ML,1,21,46
1ad27cc2-d4ef-4f10-b09f-3edac6d3d4b2,NLP,3,44,13
eaf96ca5-4307-46c7-a1cd-d4f9ea3d6b5c,Blockchain,2,36,44
dc143a1b-d76e-40bf-937d-92da069643db,AI,4,16,6
6ad5ed49-7c3b-4717-8791-f809a37bcebc,Networks,5,80,21
ff67d01d-f940-421b-84c5-3c4a84aee080,NLP,2,99,37
9c6a2502-05bd-49f8-8fca-a93dd8100777,AI,3,8,7
55f7aeff-75e6-488d-ba98-39db995f834c,ML,4,19,50
2854a7f2-2043-4b51-be50-f69e69d684c4,Networks,4,2,8
55b00eb4-bb9f-4213-a3c3-457162c93f3b,AI,5,91,26
eff03bc1-477a-426c-834c-4ddaa5e03613,Blockchain,1,82,28
29801b58-748f-43c7-afdb-6082a24941f0,Blockchain,2,48,33
b39f490a-5502-4558-ae11-e72b704db5dd,Networks,2,18,57
3d4ba6ee-5ddf-4a68-a42e-ba7821493ec2,AI,1,42,10
0ad5b9b0-fbbf-4cac-be9c-7957a3322317,Networks,5,30,15
944fcc46-7974-45fa-bbf3-f050d1329d8c,AI,5,15,60
9b6aa35b-242e-446a-9ba5-ff62772cb97b,NLP,5,93,48
81a0a2b7-fcb2-4df3-929e-19df4eea06a5,Blockchain,4,99,22
6dca2ae3-d307-4016-94ac-0ee4bff0a730,NLP,2,14,23
5671b8ec-9ef1-48b5-a068-f0c931eb4a2b,Networks,4,27,32
c352a3f7-fc6b-4a9a-aac8-353e2bbf54eb,Blockchain,1,42,45
e9a901a7-177a-470e-a7b4-94ba63dbd0ca,ML,4,51,53
afa2be3d-6642-4811-8f02-f46403f558d4,AI,3,92,18
804442f5-40b1-40db-b010-365d30618c9c,NLP,4,51,29
5734ff80-675f-4840-ba5e-ecc2491246c9,Blockchain,3,15,17
1241f7d4-27f2-427a-b1f5-b5698047d0e1,AI,3,82,57
24e9ba42-f203-43e6-bd5c-a4c2cc2105b1,Networks,2,38,11
dbacbdfd-58a6-4f49-b081-a7b1699ec1a2,Blockchain,1,71,40
665990c6-e864-41c5-9ec6-c4db219719c2,ML,4,42,53
38d53ef1-13d6-48d3-8081-0f14bde8921c,NLP,5,55,8
95bd2127-6b4f-47db-b6e3-fd46616c5137,Networks,5,65,53
debd97c4-66e3-42bb-8481-6ce7e63dae9a,ML,3,35,49
755b174c-a0de-45a4-9a51-6316a300e965,NLP,2,12,47
eeb6a191-6e8f-4462-81ce-9151d0c120e6,AI,5,77,55
9efc4362-2961-482f-a305-a3bfce27cea1,AI,3,87,6
76f73bdc-6abd-4682-9e08-e5592f1d6475,AI,4,67,46
3d15aa97-a06e-4b48-8255-f5f0d2832c73,Networks,5,81,23
c89565cf-9840-4c57-a0e8-3eca3576532a,ML,1,69,39
027cbfb6-e50c-4154-9662-bf60185d0bd5,AI,3,58,59
4ac4fcf4-642c-4448-9522-176a49d130fb,ML,5,13,37
d74610fb-e6f6-4ba2-9919-53f4ba2da50d,Networks,2,27,51
6ccfe049-347b-462f-b954-c688ec8be5d3,AI,3,20,56
c051614b-5dc9-49b2-848f-018c6979dc67,Networks,4,64,9
1bc3107b-2fd3-4dbc-923c-f8fd4d8e6150,Blockchain,5,25,29
c1607fef-3319-492d-af7f-75e0ff63669d,Blockchain,2,70,37
14f63cc6-21d1-41a8-aa90-0b120db7004e,NLP,5,67,44
7c56c920-986f-41df-ab39-785f0ba8fa89,NLP,5,27,38
e3147d1c-892b-45f6-aeff-822588b58b79,ML,5,27,5
3a9fff11-7d48-41da-b908-6ea1628b0675,AI,1,82,43
937a2d34-a83f-47df-a48d-1af94f725a1f,AI,3,15,36
8135eb5e-0bfc-4414-9f8c-d8444c5c8b92,Networks,5,73,11
03ac55a7-5f5b-473e-b278-bd46ba09bc59,NLP,3,17,17
898877c4-3a17-41f3-b743-633d1fcccfe7,AI,2,98,9
3307830b-3e23-4cff-a923-d043cdfe3cd7,Blockchain,2,22,8
d85db382-d3ee-4a7d-b1f8-a567f00b5f4b,Blockchain,4,84,60
606d2e40-f9fa-48bb-b251-c764b2555ed2,NLP,1,59,40
164b6d54-8496-4f6c-8844-33d736d760f9,Networks,2,36,53
e317f778-6d1d-4c0d-ae56-04e2729912c1,ML,1,38,10
a2b22710-2f93-409e-bede-57bc40f0b053,Blockchain,1,25,50
08f467a2-5073-48e7-818d-9d59726b6071,ML,5,100,43
a299d9a9-c74f-4a9d-a7bb-9eac9fbc8409,AI,3,13,52
a8d6e92c-9d24-4f95-bb7a-00dc26329ef5,ML,4,70,38
88145c24-6c1e-48ff-b598-88492500ce19,ML,5,50,8
2496c730-40d2-471b-a422-f1c790fab8d5,NLP,2,40,24
954bc877-9562-4190-a507-1c34803981fa,ML,5,28,22
1343aae0-88bc-4545-8f6d-22166cb81ece,NLP,2,95,5
51497dcc-d335-413f-aef4-ad8f93a54ebd,ML,2,7,45
ae0f244e-16c7-429d-9f7c-00f01407ee76,Blockchain,4,45,47
8f22f8f1-729d-4621-b305-deea8e969708,NLP,4,72,48
c5249c66-b78c-4da8-a199-9622102362fc,AI,1,55,33
b6fdb657-7a38-4015-93aa-62a1d281659e,NLP,5,13,23
e9b845fd-7909-43e7-a67d-f8d51bf5aa18,NLP,5,52,43
a9da73fd-87bd-4459-a97b-27d55dbdc54f,ML,2,10,6
5051446a-8af3-436a-991e-7f0aa30c353f,Networks,5,38,26
fa2bdb62-0c32-4156-8292-161048b293fd,Networks,4,77,58
0895a81b-1529-449e-91ce-5158ddf3628d,ML,1,95,11
3271c411-7c68-4df6-961e-8fd811f07e1f,AI,4,16,19
4cd94f2b-1b16-49ce-98f8-f30df9096239,AI,3,82,22
b15ec389-5cd1-4aa8-a8c6-7a58cdf4943d,AI,5,50,17
c8c503c9-9a4a-4916-93ef-e857de15a29c,NLP,4,15,35
55291418-2a72-4d2f-82eb-073351d38a7b,NLP,1,78,51
15f0e38b-237c-49aa-a039-f1b64f737012,Networks,4,23,18
3cf022bf-99fb-4ca3-88bd-d0083ba2c67a,Networks,3,39,27
e43d48e3-15be-472c-a68e-f3b50ea93629,Networks,4,26,38
0a24577d-6c34-4027-8087-9a4ad8f1dedc,NLP,2,15,29
062d5c82-bc97-4119-838a-ec512a2a6f9f,NLP,3,91,43
99dd11c5-8812-40e3-b716-4f183a59ee9b,Networks,3,92,56
17966069-2047-4e1b-a385-5347b70455bb,AI,1,67,46
b2598a47-6169-4946-99d8-415b9f0133f9,Networks,1,38,16
0e7c85d3-8e78-4266-91ab-12401446a557,Blockchain,2,75,52
5681a57e-2cb3-4427-bee9-b9142f339707,NLP,2,43,48
07aa8f53-898d-4f50-9fe0-441385befde2,Blockchain,1,61,26
fbc6eb60-8db1-4696-9e33-090fa4a277a7,Networks,3,97,29
1e187437-8477-440b-bc57-a0cde890df36,Networks,4,3,32
619f1f01-726f-401e-9865-a069f4eb1820,Networks,4,56,27
825372dd-aa42-452c-8aa2-7428da4b10d6,AI,4,82,54
c479b59d-00cc-4d68-8949-a52b2c858e9a,Networks,1,30,47
8a3f5900-c0f5-4afa-921f-8bee8730a558,Blockchain,5,27,37
d81b37a2-7685-44f1-94d6-28ed9a8ad320,AI,3,19,18
451d2fec-1949-49d8-8441-5d53e06161c8,AI,4,30,27
52d39379-e8c6-487c-9792-8800fe638686,ML,2,63,19
8263f52a-1bb5-4573-b14c-71f24b11db69,Networks,3,48,37
2dd7627c-de1f-4502-bf8e-7d94921690e4,NLP,3,67,21
b0ed7c1b-7f2b-4497-bae7-644c05ce6298,Blockchain,3,19,38
71ef279c-f143-40cc-9abe-6c653e271eda,Networks,1,38,22
73a0746d-4a77-45c2-bdc7-2ee31e57c1e6,Networks,4,38,59
90257ea9-c1d0-4f3c-a2e3-ba0301f194da,AI,4,87,29
1618a15c-7a7f-4d71-b25a-dfa8496a4cf1,ML,4,11,40
acd62d71-6388-4e74-958e-0b89e26d49a1,NLP,2,60,17
1fb7e74a-c328-45c3-a1c4-16d2055698d4,NLP,2,86,21
b115d2f3-ef93-4fe9-9a83-3440743981a4,AI,4,64,36
1a0b2b7e-56aa-4732-9de1-7a3620fada56,AI,4,89,6
c8b1950c-47a3-48a4-a9d6-cf33835faccf,ML,2,67,11
2df56f1d-ed8a-488f-9661-167caee6b50d,Networks,3,43,56
ad9f859f-b497-4ee7-b48c-fc14797dbc2c,NLP,4,34,27
bf647f3e-453e-4cfd-abbc-db17a58fead8,Networks,5,15,54
b720e176-38ec-4b62-85ee-f8060bf1daab,Blockchain,2,36,17
91c9eb09-4964-46e7-9b0a-db458ba616f5,ML,2,2,16
5b0319c2-a431-441d-915e-0bdc808fe9e7,Blockchain,4,15,39
3679536e-99cb-436f-a62d-b023b35b349d,AI,1,3,34
05d3043f-d3bd-4a3d-9ff5-5b940f0d2485,NLP,5,78,15
ec5d94e6-65ad-4923-badc-9bf1611806be,ML,3,89,45
cc17dde2-a9d0-434e-a888-2bd86043b224,ML,4,100,38
8f894809-44a3-49b4-85c5-1084c9777ea3,ML,1,61,30
ba5ae06a-3edd-403a-8efc-6b972269186b,AI,3,64,54
cb84eb65-9b77-41ec-8ca8-da959cab70bd,AI,3,36,28
1c0f9cd6-522e-4186-b99c-25246089584c,Networks,3,80,52
9c50815f-d340-4379-a100-6acb3c5c5ad7,Blockchain,2,99,54
863033eb-13d7-41bd-9851-391849830e4a,NLP,2,84,49
2d254d06-f123-4cb9-b18f-a39fa45b8028,Blockchain,1,17,57
8eee615b-8014-4212-ad6e-946149ea7e05,Blockchain,5,7,50
96f9f52b-a525-4414-a929-d26010b2ebce,Networks,5,48,37
8be219f9-5ac8-4ebc-8c81-7e3ce14746cb,Networks,5,28,28
ccd4555e-efec-4d1b-858e-d9e220f0c50c,AI,2,65,5
11737914-8038-4b6d-b571-3f9354004719,AI,4,1,23
8560fb14-885a-4468-aab8-1b8756cf422d,Blockchain,1,28,33
e5b69892-c636-4c6c-9300-4b646e330d7f,NLP,3,14,39
5c35a5c4-0de1-4200-bfc6-d271058ce872,Networks,5,52,50
f561f808-dd47-4d71-824e-2aee3af41eef,Blockchain,1,45,32
af0ee7de-16cb-42be-af3c-e143505f65ec,Networks,1,71,22
253a83ff-28c4-453c-8394-04b4a82f3734,AI,3,45,38
f030288a-e7dc-4193-88d4-0a3818de058a,Networks,2,2,38
63b000d3-e769-48b6-8a4c-dd62eac3d094,NLP,3,16,9
7556b998-aa54-4d79-8c68-a35e9e22a22d,NLP,2,14,44
11a0a65b-68a3-41a6-8272-17fea0919bc1,Blockchain,4,39,43
b1d771b9-26a8-4280-89b8-613866c0881e,Networks,5,1,12
b653f685-db4b-4730-a36c-bdd117ada4a9,ML,3,13,42
11a5292c-cfb1-4de4-9359-4670e50ccb24,Networks,2,44,8
dd7e4ebe-2d97-48dd-b2c5-0224f5985179,ML,5,67,42
66ff81f5-7e09-4778-bd6d-94e7d3cd15e6,Networks,5,18,54
8b21c80e-bf1f-4e1a-baa5-7203ce602ecc,Blockchain,3,8,55
d559a35b-92cc-4d48-b345-65535e414af0,AI,4,98,25
8e22004f-f635-444d-9222-c4f1f0141c89,Networks,5,20,10
790dc7b2-ca92-468a-963d-f5b95862f332,Networks,4,33,17
5e01e5bf-8729-4c9f-96a5-29376e6af08a,AI,5,65,57
791c85ba-0417-4cf6-9bbc-df59c5732924,Blockchain,2,8,30
ddb577c1-6fc1-442d-9085-5e4e67f0756a,AI,4,6,13
1cd1ee27-6c4f-46a0-be34-a227aad7f761,NLP,5,93,31
fc9cb500-deb9-4622-8bcf-a35d2700273b,ML,5,70,21
5340fe42-d355-48de-8bc1-bf5d2485b2a7,Blockchain,3,58,35
05b61c8a-b3af-48e5-aa04-4a3f28d4b7c4,Blockchain,1,26,11
744c85bb-6ec9-47a5-abfc-f09c042d6689,NLP,2,57,19
cf0c81d4-1404-4649-93bb-772a0a213044,NLP,3,41,41
a14ae2ff-c635-4148-93b8-6e92a61769cd,NLP,3,96,27
ab125cc6-015e-4a19-9600-0f376a86cda5,AI,3,4,28
41979f31-939f-4078-881f-dd734dea6e92,NLP,1,28,57
b8107b06-2406-4290-8e68-22a7c5f8c2f5,ML,1,7,39
0ef01592-f492-41d3-a6d4-b2250a1456c4,Blockchain,1,57,10
000f2c7d-76bf-4212-98c3-1f558c249d09,Blockchain,2,52,28
3746d894-7ca7-4836-a40f-77547a8e55a3,ML,1,67,47
7479cedb-9bea-44cb-8a93-5829a55a2f4c,ML,2,78,57
03d13f30-941d-4aeb-b160-382e57b01137,ML,5,89,55
dd2cfc20-e3ab-4657-a400-274bfa6aeb79,ML,2,30,16
a3a2903a-86a7-47bc-a879-e056ab398267,AI,1,37,9
e6faecdc-2d91-4a8e-b3e6-8d296978a7e8,AI,4,55,43
592638a1-6901-4cad-88b4-f347e9baf107,Networks,5,36,45
553e668c-94fd-4f7d-92bb-80c54ec8c2ac,ML,2,36,55
4d318cf9-0da2-482b-a9f6-89e1534df65a,NLP,4,26,36
fef05f68-9338-47ee-ac06-ba2f8d14d9c3,ML,4,41,42
4015c244-887a-4847-ab60-43f2c73ceedf,NLP,1,52,40
ef9f2d3a-b63f-48ab-9534-56d1870e830f,Networks,2,100,28
cd48ade3-10af-487e-9dad-6663c4d5d8c8,ML,3,71,47
dd660628-6d46-4210-9e75-5d829410ea96,Networks,3,65,37
ceffc217-b4c0-4d1c-b890-f3e804ba6525,Networks,2,8,10
4d1a7b4c-bd0e-40cd-92ee-cba12d87b71e,ML,1,68,5
03f03478-f352-4620-bda7-47cc9c0ffbf5,ML,3,34,27
d14a046e-71f9-491b-894e-eb6d677fa56e,Networks,3,79,44
a6a57433-667e-450d-96e8-0f3f13bae33f,Blockchain,3,93,11
e1149800-60c3-42d4-8864-046615bdadbf,Blockchain,4,63,32
68a39e2e-8564-4d43-bed0-f10269e44798,Networks,3,49,12
d32f2b52-ed50-4d34-be9e-4a5f65fcc6a4,Blockchain,2,3,42
b7e3ab19-e769-46be-9909-3c1ebcb23254,AI,3,34,18
2f1bd65e-9a6f-4827-883a-70065f878913,NLP,1,59,31
40a0178a-3453-4861-b2f2-684c3ec198f0,NLP,1,4,43
590630f5-a1fd-4611-b031-23670f15d9a8,Networks,3,80,34
8e2e79ee-59a2-4330-87f6-37f58bc754fc,Networks,4,1,47
4205db39-e9a1-46b5-bebc-d09776a65821,ML,4,2,31
91b633ed-0fd3-462c-9c13-b1bd3c70c388,NLP,2,42,44
5b079421-f625-4bd5-abea-19241e526872,ML,2,46,36
45dc73aa-8d27-4810-95e1-4e121a38dec3,Networks,3,7,19
75be8493-8e03-4827-955b-fae0b136d213,NLP,3,2,27
9272669f-78f9-4ec2-a733-04fa29a4b521,AI,4,8,50
76ad962d-e740-4ac8-9761-d2bb109cf35c,NLP,2,41,11
801b14fe-86cc-4eab-84ed-0be0812ec1c9,Blockchain,2,18,6
97168bf7-6124-4b10-bef5-c60022f03198,AI,5,65,39
8897ec14-69e0-4b62-84e6-30219374c234,Blockchain,1,14,34
bd06b993-3335-4919-a7a7-4ce5f8a1fdbd,Blockchain,5,12,17
250d2957-6df0-4ae3-be75-756dde458e44,ML,1,26,37
d3617e56-e450-47d2-b03d-425fd6d416a6,AI,4,32,43
bdfeefe5-4b71-4538-8b86-b46decd2c00c,Networks,2,16,59
1c482869-7529-4db5-ab66-7cbb8474ecc9,NLP,5,17,14
a4825674-5159-42b2-b552-2cc10aa67501,Blockchain,4,43,12
4df3eeb2-5a69-42c0-baa5-bc5f4cfc783a,Blockchain,4,93,25
9bbc6f3b-1633-44c9-82e2-9c2d38587fda,Blockchain,5,17,18
cb364900-ddc6-487f-9e51-931da91fbb0b,AI,4,38,39
43fc4677-afcd-4699-a872-f6f8b45e4a81,Blockchain,3,86,25
452a877e-f50a-4f7f-9eb8-804f07f80e52,Networks,5,66,10
04f3a3ea-1d89-4bdb-a277-9efac6f5fa0f,NLP,4,64,11
e1638d3f-c51c-47a1-957b-9f741824b143,AI,2,42,57
7a13552e-ead5-4a12-b0cd-fd39037d71cd,NLP,5,18,37
1a930813-761f-4fb7-8600-791e7182f0c6,NLP,3,10,35
c7e4c7d5-5aef-4735-a8d0-8913e741fef6,Blockchain,3,94,8
9dada999-1543-4e78-a3e9-a16e6d270000,Blockchain,3,64,35
dccebd95-f359-4652-91d7-4b78fea86cc3,Blockchain,1,35,37
96ec9201-75fe-4b17-a1ab-643fdc5564f6,AI,1,32,7
3e60954a-6733-4b80-9c7f-c0115842d136,Blockchain,2,100,34
c1c8b947-b9c6-4d2c-ad0a-dda9874f160a,ML,4,32,23
2e268775-5158-46ad-98ca-41725545e7b1,Blockchain,4,48,57
3ba6789b-3006-456a-8c23-9242bc8a09f1,Blockchain,5,77,25
e6b25aed-6850-44c2-8f6d-e7e444fc6f49,Blockchain,5,7,12
c1291427-6f85-4940-bf2a-96f1812e2242,NLP,5,51,27
5f687fd6-50bc-454f-9945-06f645f7688c,ML,1,65,40
6201a27f-660f-499b-8754-2428e68a26b1,AI,4,77,57
0227e34b-343e-419d-9f52-f4e1540c6f36,NLP,4,18,15
07255ffd-ccdf-410c-8e97-50bad8f42ed8,ML,4,40,27
f9bbdb45-6a66-4c9a-9558-1b447ff6a4d8,AI,2,66,31
29cd5e6c-e6a1-45f7-ac86-8fb151b7d208,NLP,3,35,59
a85c3b63-9a78-4711-8c40-77b19fe6f9eb,AI,2,21,47
41eb82e7-1f5a-479f-b738-bb27aac7dce2,ML,3,84,41
a8908652-539b-4e86-88b9-4956595ea6d0,Blockchain,3,10,18
41570fba-895d-4997-9268-3bb0bb4bef9c,ML,4,1,34
62186896-6a80-4210-b9af-dad0d12db5ce,Networks,3,64,38
01d5a701-91ce-4818-931b-491adad535da,AI,4,6,34
6f941aeb-6968-4feb-8eb5-f1769f381082,AI,3,31,40
8b0d3758-87ef-4c1d-98cc-3d46781142be,ML,4,51,43
5805b340-e333-4dac-af6b-3175c8680ea1,AI,4,95,55
f8555d1f-a2e8-4669-8208-52a02024eb33,AI,5,77,13
905fdd11-3c29-41ba-932a-62f7e342b178,Networks,2,55,53
b97a9a1c-9fda-4640-803b-34964023853c,Blockchain,2,55,9
64b7c4ba-dd05-4e75-bc82-855378a4d15b,Blockchain,1,13,47
28e5dbdd-24b1-4af1-9680-645ba8ee753c,NLP,5,84,7
12d6560d-d7d2-4a38-aa7c-6ad65e1fcdd1,NLP,2,5,44
26d739af-0372-4a63-a3b2-97f15e6ca300,ML,1,70,40
adccd38f-1b42-4987-a5c6-0827e57f4f21,ML,4,99,31
8a707b44-8d45-4021-a879-6f87992c8b2a,AI,5,33,37
2b06baf3-407d-43b3-82a9-be770f7bc05a,NLP,1,57,27
3e7bdf69-b9ca-484d-b9d0-773f6edf7610,Blockchain,4,95,32
49ed591b-b22e-4873-a2d0-fd989f125ddf,Networks,1,95,54
dc4e93b2-63c2-45b9-9741-10ede73d6f53,ML,4,42,32
aa6c4546-2e90-48ae-ab16-d3a15a163bf3,Networks,1,85,24
0b850231-15d4-45a6-96b3-a512bb5c5bea,AI,4,98,19
63c768cd-cbab-4334-9129-c4c793615697,NLP,4,31,40
601ead7b-bf19-42bd-b08a-4544477bfbbb,AI,5,83,10
3f350aa7-3430-4883-b868-f7db7355eb7a,NLP,5,98,39
52945b2b-1143-42f7-bf2d-e24d378cedf2,ML,4,52,42
b63ecb8b-3ff7-46cd-aa95-1afde0be7cbf,AI,4,61,48
2007275d-b7bb-407b-b3e7-74962c91ba87,AI,1,36,10
fbe559f7-c9db-48ba-acdd-addd855a8e84,ML,4,60,60
22b17e91-f72b-4bbe-9f73-79300e73b09e,ML,4,34,57
db1aa6c5-2619-4b01-8e41-4934a6232ced,ML,1,36,31
f7a77f19-8315-4bbd-9cd0-5bd028825525,NLP,2,73,9
1e4fb664-3115-41c4-bfdc-f6f0223e26d2,NLP,2,64,34
8df0d7ec-ffc6-4950-a96d-f728819bd3c4,NLP,5,20,29
2beef560-5c83-4186-98c1-50736faa1563,Blockchain,3,30,40
272f1416-d067-47e4-a04f-0c978dae73cf,NLP,1,26,14
5c6445a0-2627-4ab4-abc2-35f7402b167e,NLP,4,38,51
f81cb996-7500-40f0-993b-0bc6cd536da5,NLP,2,48,39
8645cb30-ebf0-4461-bd29-cd1b107f6c18,NLP,2,67,15
fbd177e8-8b77-4d0b-94a6-2852e8bca8b5,Blockchain,4,37,20
6e424397-81fa-4d31-aa16-a4b09cc263d1,AI,4,35,23
4c06610e-4e53-4806-89b9-19bb978a14bd,Networks,2,80,47
24270578-5e00-4fdd-bdb8-63dd6da0a9d1,ML,3,17,25
932f2a51-bbcc-47d5-8a63-bca9fad7c4ef,Networks,5,12,30
d3660249-5a98-4e85-b022-6c2da22717db,ML,3,13,11
4bc8012d-cfb8-42c7-b707-e509c6258619,ML,5,77,9
e4e527bd-9b48-4d22-91b4-603c5982df74,NLP,1,73,44
ed8b8fe0-4014-419f-9a95-f278c94ec705,Blockchain,5,28,41
2ef60b10-ed23-4b6d-89e4-bbac2106f80e,Networks,2,83,18
90de4f4c-206a-463c-b44f-15de6218911f,ML,4,24,31
9adaf9b4-910f-4115-94a9-00f1f786880d,ML,3,78,58
2967352f-e7b6-48d4-af97-cb758704dd76,NLP,1,92,34
d5d768ea-cfdd-44b4-9eff-26b91d990be7,Blockchain,2,53,12
fb343116-f606-4b9e-9737-6499cbd97df4,Blockchain,1,28,26
46cd8fe6-ee7d-47ec-a660-4270e8be6bab,Networks,3,35,19
663699ba-0143-47e0-a5e7-d7c5bf308be1,Blockchain,4,80,39
4263617f-0fae-493a-81e7-48cff9eef094,Blockchain,5,20,6
69bb5286-1a73-4a9d-a540-37bd6847f982,AI,3,33,46
fae7cb8f-6216-4bd2-92c6-3dcebe834ef5,ML,3,93,59
8047b23d-f5a2-46db-9a6a-c2f51bc56c68,NLP,1,47,29
6b81f97e-a386-4681-8e5b-11c2362d6736,AI,2,28,8
822c80a3-0dc7-482a-99be-d8112ffc58b9,Networks,2,8,6
fd53ce06-183e-47b1-853f-e249c23f13e4,ML,5,6,46
522f6249-dccb-4817-8a6c-83ae803345cf,ML,5,6,30
2c470b72-a36e-4ea0-ba91-4f78cd50d150,NLP,4,71,58
f84ac159-274d-413b-8ec6-39c7ac86e446,NLP,4,100,56
ca336d11-26d8-4369-a336-4704ed67e11f,NLP,1,86,48
8338c04b-5293-4ba1-b817-6068a72742f3,Blockchain,5,35,27
b3903c10-499b-4f9c-b841-25dae5006219,NLP,2,46,29
df2704d7-3924-4af7-8ab0-8e7e8ccedd41,Blockchain,1,17,55
cead0d24-e743-448a-a74e-90b74e5d59c2,AI,2,72,44
69be97e8-01df-4873-9d4c-44800f4bb7ad,ML,3,70,5
37679168-99d6-47eb-a0ae-d13d5d4fe2d7,NLP,2,89,21
97522d3b-ec99-4d04-8e88-00fecadeb4e4,ML,4,86,36
195d692f-2614-4869-b532-2ede5981642b,NLP,4,7,50
14622ba2-a04c-4765-b029-51eae65aa40a,NLP,5,40,48
5b7d3132-f862-43e2-87e5-3ac61356a69c,NLP,5,74,34
1e97aee4-d18a-42b4-ad4d-d8c6ff1720c1,NLP,2,75,57
a368d757-d3dd-4345-a79d-20577320a4e8,ML,2,35,23
c9a1f1b9-e3ad-4691-a3ca-7bac9c64f536,ML,2,90,7
4f2dff53-b8b2-4e35-8dec-ecbf8dec3366,AI,1,40,20
2b617b9b-0e26-42fa-a480-888ff6091603,ML,1,92,44
72d4536d-5968-44b9-8f40-6bb58bd34fcb,NLP,1,28,18
8377fecf-2133-4473-8f10-e428c8e5dfd0,Networks,4,4,12
576f7f44-48db-46c6-a2e0-b1a86f5dfd02,Blockchain,4,93,11
1aaaf0cb-8d5d-43a4-9206-973e6a37234b,ML,4,36,59
e68fcf8f-0436-40f7-a8d5-013728429de9,ML,1,73,23
df47ee5a-f64f-48b6-9e6c-0a53c9646743,AI,3,51,7
130a3428-5257-405b-8c49-d5f4b147c3fb,AI,2,94,17
f4361527-ddf8-4b9e-99b9-7816d322da2f,Networks,5,41,21
13d3415e-0073-47e5-a047-ebb206a3e300,Networks,4,24,34
258afa53-35ea-450e-92f8-d740b5bb2138,AI,5,62,7
5a9e5e9e-9e42-4071-acb2-100d59a88638,NLP,2,47,57
8805da36-262e-47be-9539-7f450dae6087,ML,3,79,35
4c120603-aa82-466c-8c77-2174554aea36,ML,3,93,10
4636dfef-5055-444d-90c2-4a69877ba8db,Networks,5,48,18
986ee98b-716e-44c7-a597-d13e257e14e6,Networks,4,15,13
00f86a9c-11b8-4c9d-b253-108afded7768,NLP,4,82,13
f15c20b7-a275-4afd-89cd-92ad4cbe632b,AI,4,87,27
a5e90903-09d9-4cf4-98df-2b80bfe2e28a,NLP,3,70,16
07749475-16ac-463d-a470-85c425701326,Networks,1,21,48
0e0bd385-ccb5-4238-970d-1e02a3c9a508,Blockchain,4,96,56
581c7893-ca78-483f-b4ae-03cb2925dcb4,ML,3,56,23
